Vivian,Lethal Weapon,like,2000/12/27 23:44
Vivian,Raising Arizona,like,2000/12/27 23:51
Mercedes,Face/Off,like,2000/12/27 20:12
Mercedes,There's Something About Mary,like,2000/12/27 20:06
Mercedes,Superman,like,2000/12/27 20:11
Mercedes,American Beauty,like,2000/12/27 20:13
Katherine,2001: A Space Odyssey,like,2000/12/23 1:48
Stuart,Lethal Weapon,like,2000/12/22 23:24
Stuart,Raising Arizona,like,2000/12/22 23:24
Jacob,Clerks,like,2000/12/12 16:58
Jacob,Superman,like,2000/12/18 1:17
Editha,A Clockwork Orange,like,2000/12/13 23:54
Editha,Robocop,like,2000/12/13 23:44
Editha,Psycho,like,2002/1/3 20:29
Editha,Clerks,like,2002/1/3 20:46
Editha,There's Something About Mary,like,2000/12/13 23:43
Editha,Superman,like,2002/1/3 20:41
Editha,Being John Malkovich,like,2000/12/10 18:40
Editha,Predator,like,2000/12/10 18:32
Editha,American Beauty,like,2000/12/13 23:57
Editha,Airplane!,like,2000/12/13 23:46
Editha,Raising Arizona,like,2000/12/13 23:51
Editha,The Hunt for Red October,like,2000/12/13 23:46
Cassandra,Clerks,like,2000/12/9 16:45
Cassandra,Close Encounters of the Third Kind,like,2000/12/9 16:14
Sarah,Robocop,like,2000/12/8 18:59
Sarah,Lethal Weapon,like,2000/12/8 18:59
Sarah,Airplane!,like,2000/12/8 19:00
Hayden,The Usual Suspects,like,2000/12/5 20:59
Hayden,Clueless,like,2000/12/5 20:52
Hayden,A Clockwork Orange,like,2000/12/5 20:52
Hayden,Being John Malkovich,like,2000/12/5 20:53
Hayden,Predator,like,2000/12/5 20:52
Hayden,Jaws,like,2000/12/5 20:48
Hayden,The Mask,like,2000/12/5 20:54
Hayden,Platoon,like,2000/12/5 20:53
Hayden,Election,like,2000/12/5 20:52
Hayden,Rocky,like,2000/12/5 20:52
Hayden,The Fifth Element,like,2000/12/5 20:55
Jeffery,Clueless,like,2000/12/5 17:59
Jeffery,Lethal Weapon,like,2000/12/5 17:58
Jeffery,Raising Arizona,like,2000/12/5 17:59
Bonnie,The Usual Suspects,like,2000/12/5 15:07
Bonnie,The Crying Game,like,2000/12/5 15:21
Bonnie,Independence Day (ID4),like,2000/12/5 15:21
Bonnie,There's Something About Mary,like,2000/12/5 15:10
Serena,Lethal Weapon,like,2000/12/2 19:51
Serena,Total Recall,like,2000/12/2 19:44
Serena,2001: A Space Odyssey,like,2000/12/2 19:53
Sidney,A Clockwork Orange,like,2000/11/28 23:22
Sidney,Predator,like,2000/11/28 23:07
Sidney,Jaws,like,2000/11/28 23:20
Sidney,Total Recall,like,2000/11/28 23:13
Sidney,Election,like,2000/11/28 23:18
Leander,The Usual Suspects,like,2000/11/28 12:57
Leander,The Talented Mr. Ripley,like,2000/12/25 13:24
Leander,Independence Day (ID4),like,2000/11/28 13:14
Leander,Being John Malkovich,like,2000/12/25 14:44
Leander,Predator,like,2000/11/28 13:01
Leander,Lethal Weapon,like,2000/12/8 15:07
Leander,Jaws,like,2000/11/28 13:07
Leander,Psycho,like,2000/11/28 13:08
Leander,Annie Hall,like,2000/12/8 15:05
Leander,Face/Off,like,2000/12/8 15:22
Leander,Raising Arizona,like,2000/12/8 15:15
Leander,Close Encounters of the Third Kind,like,2000/11/28 13:07
Leander,Star Wars: Episode IV - A New Hope,like,2000/12/8 15:05
Fred,Clueless,like,2000/11/23 19:38
Fred,A Clockwork Orange,like,2000/11/23 19:56
Fred,The Talented Mr. Ripley,like,2000/11/23 19:58
Fred,The Full Monty,like,2000/11/23 20:30
Fred,Being John Malkovich,like,2000/11/23 20:02
Fred,There's Something About Mary,like,2000/11/23 19:51
Fred,Blade Runner,like,2000/11/23 20:05
Fred,Jerry Maguire,like,2000/11/23 20:06
Fred,The Hunt for Red October,like,2000/11/23 19:54
Fred,Rocky,like,2000/11/23 19:56
Fred,The Fifth Element,like,2000/11/23 20:27
Roger,Clueless,like,2000/11/23 3:59
Roger,A Clockwork Orange,like,2000/11/23 3:58
Roger,The Talented Mr. Ripley,like,2000/11/23 3:57
Roger,The Full Monty,like,2000/11/23 4:02
Roger,Predator,like,2000/11/23 3:57
Roger,Lethal Weapon,like,2000/11/23 3:53
Roger,Jaws,like,2000/11/23 3:52
Roger,Platoon,like,2000/11/23 3:59
Roger,Rocky,like,2000/11/23 3:57
Ella,Lethal Weapon,like,2000/11/23 2:30
Ella,American Beauty,like,2000/11/23 2:43
Ella,Grosse Pointe Blank,like,2000/11/23 2:35
Ella,2001: A Space Odyssey,like,2000/11/23 2:42
Ray,Clueless,like,2000/11/22 19:16
Ray,Jaws,like,2000/11/22 19:23
Ray,Raising Arizona,like,2000/11/22 19:16
Ray,Election,like,2000/11/22 19:23
Ray,The Fifth Element,like,2000/11/22 19:23
Eric,Clueless,like,2000/11/26 2:11
Eric,A Clockwork Orange,like,2000/11/21 15:39
Eric,The Talented Mr. Ripley,like,2000/11/21 15:27
Eric,Rushmore,like,2000/11/21 15:52
Eric,Predator,like,2000/11/21 16:12
Eric,Lethal Weapon,like,2000/11/21 15:33
Eric,Jaws,like,2000/11/21 16:12
Eric,The Rock,like,2000/11/21 16:01
Eric,Superman,like,2000/11/21 15:57
Eric,Raising Arizona,like,2000/11/21 15:31
Eric,Grosse Pointe Blank,like,2000/11/21 15:49
Frances,The Patriot,like,2000/11/21 13:59
Frances,Lethal Weapon,like,2000/11/21 13:58
Frances,Clerks,like,2000/11/21 14:05
Frances,Superman,like,2000/11/21 14:00
Allison,Clueless,like,2000/11/20 22:41
Allison,Pleasantville,like,2000/11/20 22:42
Willy,Predator,like,2000/11/20 20:19
Willy,Lethal Weapon,like,2000/11/20 19:40
Willy,Jaws,like,2000/11/20 20:19
Willy,Annie Hall,like,2000/11/20 20:15
Willy,The Shawshank Redemption,like,2000/11/20 19:56
Willy,Raising Arizona,like,2000/11/20 19:40
Willy,Close Encounters of the Third Kind,like,2000/11/20 19:49
Lance,A Clockwork Orange,like,2000/11/20 19:11
Lance,The Full Monty,like,2003/2/14 16:35
Lance,Predator,like,2002/3/30 21:04
Lance,Lethal Weapon,like,2000/11/20 18:51
Lance,Jaws,like,2000/11/20 19:09
Lance,The Godfather: Part II,like,2001/12/15 1:06
Lance,American Beauty,like,2000/11/20 19:54
Lance,Grosse Pointe Blank,like,2000/11/25 21:27
Lance,Rocky,like,2000/11/20 19:10
Lance,The Fifth Element,like,2000/11/20 19:20
June,Lethal Weapon,like,2000/11/20 14:46
June,Clerks,like,2000/12/18 14:31
June,Superman,like,2000/11/20 14:49
June,American Beauty,like,2000/11/20 14:51
June,Airplane!,like,2000/11/20 14:45
Marshal,Clueless,like,2000/11/27 22:26
Marshal,A Clockwork Orange,like,2000/11/27 22:27
Marshal,The Talented Mr. Ripley,like,2000/11/27 22:26
Marshal,The Full Monty,like,2000/11/27 22:29
Marshal,Being John Malkovich,like,2000/11/27 22:26
Marshal,Predator,like,2000/11/27 22:26
Marshal,Lethal Weapon,like,2000/11/27 22:24
Marshal,Jaws,like,2000/11/27 22:27
Marshal,Pleasantville,like,2000/11/27 22:29
Marshal,Annie Hall,like,2000/11/27 22:23
Marshal,Chinatown,like,2000/11/27 22:29
Marshal,The Mask,like,2000/11/27 22:29
Marshal,Platoon,like,2000/11/27 22:29
Marshal,Jerry Maguire,like,2000/11/27 22:25
Marshal,Election,like,2000/11/27 22:26
Marshal,Rocky,like,2000/11/27 22:26
Max,Clueless,like,2000/11/20 8:01
Max,A Clockwork Orange,like,2000/11/20 8:03
Max,The Talented Mr. Ripley,like,2000/11/20 8:01
Max,Back to the Future,like,2000/11/20 8:12
Max,Independence Day (ID4),like,2000/11/20 8:33
Max,The Full Monty,like,2000/11/20 8:37
Max,Being John Malkovich,like,2000/11/20 8:00
Max,Predator,like,2000/11/20 8:00
Max,Jaws,like,2000/11/20 8:01
Max,Pleasantville,like,2000/11/20 8:07
Max,Psycho,like,2000/11/20 8:29
Max,The Godfather: Part II,like,2000/11/20 9:20
Max,The Mask,like,2000/11/20 8:07
Max,There's Something About Mary,like,2000/11/20 8:55
Max,American Beauty,like,2000/11/20 9:20
Max,Platoon,like,2000/11/20 8:05
Max,Blade Runner,like,2000/11/20 8:32
Max,Jerry Maguire,like,2000/11/20 8:01
Max,Election,like,2000/11/20 8:01
Max,Close Encounters of the Third Kind,like,2000/11/20 8:28
Max,Star Wars: Episode IV - A New Hope,like,2000/11/20 9:16
Max,Life Is Beautiful (La vita è bella),like,2000/11/20 9:08
Max,2001: A Space Odyssey,like,2000/11/20 9:20
Max,Rocky,like,2000/11/20 8:03
Max,The Fifth Element,like,2000/11/20 8:06
Hardy,A Clockwork Orange,like,2000/11/20 5:57
Hardy,Independence Day (ID4),like,2000/11/20 6:49
Hardy,Being John Malkovich,like,2000/11/20 7:22
Hardy,Predator,like,2000/11/20 20:14
Hardy,The Terminator,like,2000/12/17 16:29
Hardy,Psycho,like,2000/11/20 6:43
Hardy,The Mask,like,2000/11/20 6:50
Hardy,There's Something About Mary,like,2000/11/20 7:09
Hardy,Total Recall,like,2000/11/20 6:51
Hardy,Blade Runner,like,2000/11/20 6:28
Hardy,Election,like,2000/11/20 7:21
Hardy,Close Encounters of the Third Kind,like,2000/11/20 20:01
Hardy,Life Is Beautiful (La vita è bella),like,2000/11/20 7:12
Hardy,Rocky,like,2000/11/20 6:43
Hardy,The Fifth Element,like,2000/11/20 6:50
Jordan,The Usual Suspects,like,2000/11/22 18:30
Jordan,Clueless,like,2000/11/21 21:30
Jordan,A Clockwork Orange,like,2000/11/21 21:08
Jordan,The Talented Mr. Ripley,like,2002/1/15 13:44
Jordan,Independence Day (ID4),like,2000/11/21 21:32
Jordan,Star Wars: Episode V - The Empire Strikes Back,like,2000/11/20 4:59
Jordan,The Full Monty,like,2000/11/22 18:36
Jordan,Being John Malkovich,like,2000/11/22 18:32
Jordan,Predator,like,2000/11/22 18:30
Jordan,Lethal Weapon,like,2000/11/21 20:23
Jordan,Jaws,like,2000/11/21 21:08
Jordan,The Terminator,like,2000/11/21 21:34
Jordan,Robocop,like,2000/11/21 20:25
Jordan,Pleasantville,like,2000/12/5 14:13
Jordan,Psycho,like,2000/11/22 18:31
Jordan,The Godfather: Part II,like,2000/11/21 21:38
Jordan,The Mask,like,2000/12/8 14:58
Jordan,There's Something About Mary,like,2000/11/21 20:23
Jordan,Total Recall,like,2000/11/22 18:34
Jordan,Platoon,like,2000/11/22 13:54
Jordan,Airplane!,like,2000/11/21 21:28
Jordan,Raising Arizona,like,2000/11/21 21:11
Jordan,Blade Runner,like,2000/11/21 21:13
Jordan,The Hunt for Red October,like,2000/11/21 20:56
Jordan,Election,like,2000/11/21 21:08
Jordan,2001: A Space Odyssey,like,2000/11/21 21:33
Jordan,Rocky,like,2000/11/21 21:08
Jordan,The Fifth Element,like,2000/11/21 21:08
Reed,The Patriot,like,2000/11/20 3:35
Reed,Lethal Weapon,like,2000/11/20 3:30
Reed,Robocop,like,2000/11/20 3:38
Reed,Face/Off,like,2000/11/20 3:35
Reed,There's Something About Mary,like,2000/11/20 3:43
Reed,Airplane!,like,2000/11/20 3:48
Glendon,The Usual Suspects,like,2000/11/19 22:43
Glendon,The Talented Mr. Ripley,like,2000/11/19 23:30
Glendon,The Full Monty,like,2000/11/19 22:58
Glendon,Being John Malkovich,like,2000/11/19 22:46
Glendon,Predator,like,2000/11/19 22:42
Glendon,Jaws,like,2000/11/19 23:39
Glendon,The Terminator,like,2000/11/20 0:19
Glendon,Psycho,like,2000/11/19 22:45
Glendon,There's Something About Mary,like,2000/11/20 0:10
Glendon,Total Recall,like,2000/11/19 22:56
Glendon,American Beauty,like,2000/11/20 0:17
Glendon,The Shawshank Redemption,like,2000/11/20 0:38
Glendon,Airplane!,like,2000/11/20 0:08
Glendon,Raising Arizona,like,2000/11/19 23:42
Glendon,Blade Runner,like,2000/11/19 23:43
Glendon,The Hunt for Red October,like,2000/11/19 23:30
Glendon,Close Encounters of the Third Kind,like,2000/11/19 22:33
Glendon,Star Wars: Episode IV - A New Hope,like,2000/11/19 22:42
Kevin,The Talented Mr. Ripley,like,2000/11/19 15:40
Kevin,Lethal Weapon,like,2000/11/19 15:03
Kevin,Raising Arizona,like,2000/11/19 15:03
Kevin,Grosse Pointe Blank,like,2000/11/19 15:07
Kevin,The Hunt for Red October,like,2000/11/19 15:41
Kevin,Election,like,2000/11/19 15:18
Kevin,Close Encounters of the Third Kind,like,2000/11/19 15:17
Evan,A Clockwork Orange,like,2000/11/19 4:26
Evan,Back to the Future,like,2000/11/19 3:13
Evan,Independence Day (ID4),like,2000/11/19 3:25
Evan,The Full Monty,like,2000/11/19 3:52
Evan,Predator,like,2000/11/19 3:19
Evan,Jaws,like,2000/11/19 3:19
Evan,Pleasantville,like,2000/11/19 3:26
Evan,Psycho,like,2000/11/19 3:20
Evan,The Godfather: Part II,like,2000/11/19 4:01
Evan,Annie Hall,like,2000/11/19 4:25
Evan,The Mask,like,2000/11/19 3:25
Evan,Total Recall,like,2000/11/19 3:23
Evan,Platoon,like,2000/11/19 3:11
Evan,The Shawshank Redemption,like,2000/11/19 4:39
Evan,Raising Arizona,like,2000/11/19 4:27
Evan,Blade Runner,like,2000/11/19 3:21
Evan,Close Encounters of the Third Kind,like,2000/11/19 3:19
Evan,Star Wars: Episode IV - A New Hope,like,2000/11/19 4:24
Evan,Life Is Beautiful (La vita è bella),like,2000/11/19 4:19
Evan,2001: A Space Odyssey,like,2000/11/19 4:02
Evan,Rocky,like,2000/11/19 3:22
Evan,The Fifth Element,like,2000/11/19 3:28
Johnny,Independence Day (ID4),like,2000/11/17 23:20
Johnny,Being John Malkovich,like,2000/11/17 23:12
Johnny,Election,like,2000/11/17 23:13
Johnny,Close Encounters of the Third Kind,like,2000/11/17 23:10
Caleb,Psycho,like,2000/11/16 19:00
Caleb,The Hunt for Red October,like,2000/11/16 18:59
Janet,Psycho,like,2000/11/16 19:22
Janet,Clerks,like,2000/11/16 19:19
Janet,There's Something About Mary,like,2002/5/3 23:21
Janet,The Hunt for Red October,like,2000/11/16 19:03
Janet,Life Is Beautiful (La vita è bella),like,2000/11/16 19:15
Sue,A Clockwork Orange,like,2000/11/16 14:38
Margaret,The Crying Game,like,2000/11/15 2:20
Margaret,Clerks,like,2000/11/15 2:26
Margaret,Chinatown,like,2000/11/15 2:24
Margaret,Airplane!,like,2000/11/15 2:16
Luke,Clueless,like,2000/11/14 21:38
Luke,Back to the Future,like,2000/11/14 21:47
Luke,Being John Malkovich,like,2000/11/14 21:38
Luke,Predator,like,2000/11/14 21:38
Luke,Jaws,like,2000/11/14 21:38
Luke,Platoon,like,2000/11/14 21:39
Luke,Airplane!,like,2000/11/14 21:50
Luke,Close Encounters of the Third Kind,like,2000/11/14 21:49
Luke,Rocky,like,2000/11/14 21:38
William,A Clockwork Orange,like,2000/11/12 23:07
William,The Talented Mr. Ripley,like,2000/11/12 23:13
William,Back to the Future,like,2000/11/12 23:14
William,Being John Malkovich,like,2000/11/12 23:11
William,Predator,like,2000/11/12 23:11
William,Jaws,like,2000/11/12 23:11
Lena,Being John Malkovich,like,2000/11/12 15:46
Lena,Annie Hall,like,2000/11/12 15:45
Lena,There's Something About Mary,like,2000/11/12 15:41
Solomon,The Usual Suspects,like,2000/11/10 17:20
Solomon,Independence Day (ID4),like,2000/11/10 17:37
Solomon,Predator,like,2000/11/10 17:06
Solomon,Robocop,like,2000/11/10 17:36
Solomon,Psycho,like,2000/11/10 17:18
Solomon,The Godfather: Part II,like,2000/11/10 17:18
Solomon,There's Something About Mary,like,2000/11/10 17:36
Solomon,Blade Runner,like,2000/11/10 17:13
Solomon,Rocky,like,2000/11/10 17:27
Cary,Clueless,like,2000/11/10 14:48
Cary,The Crying Game,like,2000/11/10 14:50
Cary,Independence Day (ID4),like,2000/11/10 14:49
Cary,Raising Arizona,like,2000/11/10 14:47
Colin,Rushmore,like,2000/11/3 22:46
Colin,The Rock,like,2000/11/3 22:49
Colin,Superman,like,2000/11/3 22:46
Kenny,Clueless,like,2000/10/26 2:19
Kenny,A Clockwork Orange,like,2000/10/26 2:19
Kenny,The Full Monty,like,2000/10/26 2:20
Kenny,Predator,like,2000/10/26 2:16
Kenny,Jaws,like,2000/10/26 2:19
Kenny,Pleasantville,like,2000/10/26 2:21
Kenny,The Shawshank Redemption,like,2000/10/26 2:16
Kenny,Election,like,2000/10/26 2:19
Gavin,Predator,like,2000/10/14 20:07
Donald,The Patriot,like,2000/10/12 3:16
Donald,Clueless,like,2000/10/12 3:20
Donald,A Clockwork Orange,like,2000/10/12 3:29
Donald,The Talented Mr. Ripley,like,2000/10/12 3:27
Donald,The Full Monty,like,2000/10/12 3:32
Donald,Predator,like,2000/10/12 3:27
Donald,Jaws,like,2000/10/12 3:19
Donald,Psycho,like,2000/10/12 3:20
Donald,Annie Hall,like,2000/10/12 3:12
Donald,The Mask,like,2000/10/12 3:20
Donald,Platoon,like,2000/10/12 3:31
Donald,Blade Runner,like,2000/10/12 3:22
Donald,Jerry Maguire,like,2000/10/12 3:27
Donald,Election,like,2000/10/12 3:24
Donald,Close Encounters of the Third Kind,like,2000/10/12 3:18
Donald,Rocky,like,2000/10/12 3:19
Donald,The Fifth Element,like,2000/10/12 3:33
Wayne,A Clockwork Orange,like,2000/10/5 19:21
Wayne,Predator,like,2000/10/5 19:36
Wayne,Jaws,like,2000/10/5 19:37
Wayne,Platoon,like,2000/10/5 19:42
Wayne,Election,like,2000/10/5 19:36
Wayne,Rocky,like,2000/10/5 19:37
Frank,Clueless,like,2000/9/30 5:05
Frank,The Crying Game,like,2000/9/30 5:17
Frank,A Clockwork Orange,like,2000/9/30 5:07
Frank,Back to the Future,like,2000/9/30 5:05
Frank,Rushmore,like,2000/9/30 4:59
Frank,Predator,like,2000/9/30 5:16
Frank,Jaws,like,2000/9/30 5:16
Frank,Face/Off,like,2000/9/30 4:58
Frank,There's Something About Mary,like,2000/9/30 4:51
Frank,American Beauty,like,2000/9/30 5:00
Frank,Platoon,like,2000/9/30 5:05
Frank,Airplane!,like,2000/9/30 5:33
Frank,Election,like,2000/9/30 5:56
Frank,Close Encounters of the Third Kind,like,2000/9/30 5:22
Frank,Rocky,like,2000/9/30 5:33
Alexander,Clueless,like,2000/9/26 20:07
Alexander,Back to the Future,like,2000/9/26 20:19
Alexander,Rushmore,like,2000/9/26 20:05
Alexander,Pleasantville,like,2000/9/26 20:15
Alexander,Clerks,like,2000/9/26 19:52
Alexander,Chinatown,like,2000/9/26 20:17
Alexander,The Rock,like,2000/9/26 20:19
Alexander,Face/Off,like,2000/9/26 20:17
Alexander,There's Something About Mary,like,2000/9/26 20:05
Alexander,Platoon,like,2000/9/26 20:23
Alexander,Grosse Pointe Blank,like,2000/9/26 19:56
Isaiah,A Clockwork Orange,like,2000/9/21 10:18
Isaiah,Lethal Weapon,like,2000/9/21 10:17
Isaiah,Superman,like,2000/9/21 10:20
Isaiah,Airplane!,like,2000/9/27 17:38
Isaiah,Jerry Maguire,like,2000/10/14 5:26
Isaiah,2001: A Space Odyssey,like,2000/10/14 12:57
Josephine,Clueless,like,2000/9/15 17:02
Josephine,The Crying Game,like,2000/9/15 18:03
Josephine,A Clockwork Orange,like,2002/4/28 17:15
Josephine,Back to the Future,like,2000/9/15 17:03
Josephine,Independence Day (ID4),like,2000/9/15 18:00
Josephine,The Full Monty,like,2000/9/15 17:05
Josephine,Predator,like,2002/4/28 17:05
Josephine,Jaws,like,2000/9/15 17:01
Josephine,The Godfather: Part II,like,2000/9/15 16:47
Josephine,Annie Hall,like,2000/9/15 16:22
Josephine,The Mask,like,2000/9/15 17:02
Josephine,Face/Off,like,2000/9/15 17:20
Josephine,There's Something About Mary,like,2000/9/15 16:20
Josephine,Platoon,like,2000/9/15 17:03
Josephine,Airplane!,like,2000/9/15 17:59
Josephine,The Hunt for Red October,like,2000/9/15 16:04
Josephine,Star Wars: Episode IV - A New Hope,like,2000/9/15 17:31
Josephine,Life Is Beautiful (La vita è bella),like,2000/9/15 16:40
Josephine,Rocky,like,2000/9/15 17:01
Joshua,The Usual Suspects,like,2000/9/1 1:56
Joshua,A Clockwork Orange,like,2000/9/1 2:47
Joshua,The Talented Mr. Ripley,like,2000/9/1 2:09
Joshua,Predator,like,2000/9/1 2:24
Joshua,Annie Hall,like,2000/9/1 2:41
Joshua,There's Something About Mary,like,2000/9/1 2:12
Joshua,Airplane!,like,2000/9/1 2:09
Joshua,Jerry Maguire,like,2000/9/1 2:30
Joshua,Election,like,2000/9/1 2:15
Joshua,Star Wars: Episode IV - A New Hope,like,2000/9/1 1:58
Joshua,2001: A Space Odyssey,like,2000/9/1 2:29
August,The Talented Mr. Ripley,like,2000/8/30 2:16
August,Back to the Future,like,2000/8/30 2:42
August,Being John Malkovich,like,2000/8/30 2:19
August,Annie Hall,like,2000/8/30 2:13
August,Superman,like,2000/8/30 2:13
August,Airplane!,like,2000/8/30 2:09
August,Jerry Maguire,like,2000/8/30 2:17
August,The Hunt for Red October,like,2000/8/30 2:11
August,Election,like,2000/8/30 2:10
Jessie,The Crying Game,like,2000/8/26 2:13
Jessie,Back to the Future,like,2000/8/26 2:14
Jessie,Predator,like,2000/8/26 2:06
Jessie,Chinatown,like,2000/8/26 2:15
Yvette,The Patriot,like,2000/8/24 5:26
Yvette,The Talented Mr. Ripley,like,2000/8/25 5:47
Yvette,Predator,like,2000/8/25 5:51
Yvette,Clerks,like,2000/8/25 5:45
Yvette,Star Wars: Episode IV - A New Hope,like,2000/8/25 5:53
Albert,The Usual Suspects,like,2000/8/22 12:30
Albert,A Clockwork Orange,like,2000/8/22 12:38
Albert,Rushmore,like,2000/8/22 12:06
Albert,Being John Malkovich,like,2000/8/22 12:32
Albert,Predator,like,2000/8/22 11:46
Albert,Lethal Weapon,like,2000/8/22 12:03
Albert,Jaws,like,2000/8/22 12:33
Albert,Terminator 2: Judgment Day,like,2000/8/22 12:09
Albert,The Terminator,like,2000/8/22 12:04
Albert,Robocop,like,2000/8/22 12:06
Albert,Psycho,like,2000/8/22 12:31
Albert,Annie Hall,like,2000/8/22 12:35
Albert,The Rock,like,2000/8/22 12:04
Albert,Face/Off,like,2000/8/22 12:06
Albert,Superman,like,2002/7/25 22:18
Albert,Raising Arizona,like,2001/1/27 15:00
Albert,Jerry Maguire,like,2001/8/18 0:34
Albert,The Hunt for Red October,like,2000/8/22 12:29
Albert,Election,like,2000/8/22 12:34
Albert,Close Encounters of the Third Kind,like,2000/8/22 12:30
Albert,Life Is Beautiful (La vita è bella),like,2000/8/22 12:34
Albert,Rocky,like,2000/8/22 12:35
Eugene,The Patriot,like,2000/8/21 18:51
Eugene,Clueless,like,2000/8/21 18:43
Eugene,The Crying Game,like,2000/8/21 18:47
Eugene,Independence Day (ID4),like,2000/8/21 18:44
Eugene,Rushmore,like,2000/8/21 18:52
Eugene,Lethal Weapon,like,2000/8/21 18:41
Eugene,Terminator 2: Judgment Day,like,2000/8/21 18:54
Eugene,The Terminator,like,2000/8/21 18:55
Eugene,Clerks,like,2000/8/21 18:44
Eugene,The Rock,like,2000/8/21 18:56
Eugene,Face/Off,like,2000/8/21 18:54
Eugene,There's Something About Mary,like,2000/8/21 19:05
Eugene,Superman,like,2000/8/21 18:51
Eugene,Airplane!,like,2000/8/21 18:43
Rachel,Back to the Future,like,2000/8/20 0:39
Rachel,Psycho,like,2000/8/20 0:32
Rachel,Clerks,like,2000/8/20 0:28
Rachel,Blade Runner,like,2000/8/20 0:35
Rachel,Grosse Pointe Blank,like,2000/8/20 0:21
Rachel,Star Wars: Episode IV - A New Hope,like,2000/8/20 0:31
Rachel,Life Is Beautiful (La vita è bella),like,2000/8/20 0:31
Constance,The Usual Suspects,like,2000/8/17 18:39
Constance,Predator,like,2000/8/17 18:44
Constance,Robocop,like,2000/8/17 18:44
Constance,There's Something About Mary,like,2000/8/17 18:43
Constance,The Hunt for Red October,like,2000/8/17 18:41
Constance,Election,like,2000/8/17 18:43
Larry,The Talented Mr. Ripley,like,2000/8/13 15:04
Larry,Being John Malkovich,like,2000/8/13 3:28
Larry,Predator,like,2000/8/13 3:27
Larry,Annie Hall,like,2000/11/5 2:35
Larry,There's Something About Mary,like,2000/8/13 3:16
Larry,Election,like,2000/11/5 2:35
Larry,Star Wars: Episode IV - A New Hope,like,2000/8/13 3:28
Mike,The Usual Suspects,like,2000/8/9 14:44
Mike,The Patriot,like,2000/8/7 3:16
Mike,Lethal Weapon,like,2000/8/7 3:16
Mike,The Godfather: Part II,like,2000/8/9 14:50
Mike,Superman,like,2000/8/7 3:21
Mike,American Beauty,like,2000/8/7 3:22
Mike,Election,like,2000/8/9 14:46
Mike,Star Wars: Episode IV - A New Hope,like,2000/8/9 14:48
Mike,Life Is Beautiful (La vita è bella),like,2000/8/7 14:58
Hank,Clueless,like,2000/8/3 13:24
Hank,The Talented Mr. Ripley,like,2000/8/3 13:24
Hank,Being John Malkovich,like,2000/8/3 13:24
Hank,Predator,like,2000/8/3 13:23
Hank,Jaws,like,2000/8/3 13:23
Hank,The Mask,like,2000/8/3 13:25
Hank,Platoon,like,2000/8/3 13:25
Hank,Rocky,like,2000/8/3 13:23
Hank,A Clockwork Orange,like,2000/8/3 13:24
Hank,Back to the Future,like,2000/8/3 13:27
Hank,The Full Monty,like,2000/8/3 13:27
Hank,Election,like,2000/8/3 13:23
Daniel,Clueless,like,2000/8/3 11:19
Daniel,The Talented Mr. Ripley,like,2000/8/3 11:18
Daniel,Predator,like,2000/8/3 11:17
Daniel,Jaws,like,2000/8/3 11:18
Daniel,Pleasantville,like,2000/8/3 11:24
Daniel,The Mask,like,2000/8/3 11:19
Daniel,Platoon,like,2000/8/3 11:20
Daniel,Rocky,like,2000/8/3 11:19
Daniel,A Clockwork Orange,like,2000/8/3 11:19
Daniel,Back to the Future,like,2000/8/3 11:24
Wesley,The Talented Mr. Ripley,like,2000/8/3 4:16
Wesley,Predator,like,2000/8/3 4:15
Wesley,Jaws,like,2000/8/3 4:14
Wesley,Pleasantville,like,2000/8/3 4:42
Wesley,The Mask,like,2000/8/3 4:18
Wesley,Total Recall,like,2000/8/3 4:39
Wesley,Platoon,like,2000/8/3 4:18
Wesley,Jerry Maguire,like,2000/8/3 4:16
Wesley,The Crying Game,like,2000/8/3 4:42
Wesley,A Clockwork Orange,like,2000/8/3 4:18
Wesley,Back to the Future,like,2000/8/3 4:21
Wesley,Independence Day (ID4),like,2000/8/3 4:39
Wesley,Blade Runner,like,2000/8/3 4:39
Wesley,Election,like,2000/8/3 4:15
Gina,Clueless,like,2000/8/2 21:59
Gina,The Talented Mr. Ripley,like,2000/8/2 21:59
Gina,Predator,like,2000/8/2 21:59
Gina,Jaws,like,2000/8/2 21:59
Gina,Jerry Maguire,like,2000/8/2 21:59
Gina,Rocky,like,2000/8/2 22:00
Gina,The Fifth Element,like,2000/8/2 22:01
Teresa,Lethal Weapon,like,2000/7/22 3:26
Teresa,Clerks,like,2000/7/22 3:44
Teresa,There's Something About Mary,like,2000/7/22 3:31
Teresa,Superman,like,2000/8/17 3:51
Teresa,Airplane!,like,2000/8/17 3:47
Teresa,Star Wars: Episode IV - A New Hope,like,2000/7/22 4:07
Teresa,The Patriot,like,2000/7/22 3:26
Teresa,Star Wars: Episode V - The Empire Strikes Back,like,2000/7/22 4:10
Teresa,Grosse Pointe Blank,like,2001/3/24 18:21
Teresa,2001: A Space Odyssey,like,2000/8/17 3:52
Terry,The Talented Mr. Ripley,like,2000/7/19 1:35
Terry,Being John Malkovich,like,2000/7/19 3:52
Terry,Lethal Weapon,like,2000/7/19 1:36
Terry,Terminator 2: Judgment Day,like,2000/7/19 0:14
Terry,Pleasantville,like,2000/7/19 0:50
Terry,Clerks,like,2000/7/19 2:05
Terry,Face/Off,like,2000/7/19 0:13
Terry,Total Recall,like,2000/7/19 1:54
Terry,American Beauty,like,2000/7/19 0:03
Terry,Jerry Maguire,like,2000/7/19 1:49
Terry,The Hunt for Red October,like,2000/7/19 4:28
Terry,Close Encounters of the Third Kind,like,2000/7/19 1:23
Terry,Star Wars: Episode IV - A New Hope,like,2000/7/19 1:48
Terry,The Usual Suspects,like,2000/7/19 1:30
Terry,Psycho,like,2000/7/19 4:20
Terry,The Godfather: Part II,like,2000/7/19 0:16
Terry,Annie Hall,like,2000/7/19 0:54
Terry,The Rock,like,2002/8/9 0:04
Terry,Blade Runner,like,2000/7/19 1:09
Terry,Life Is Beautiful (La vita è bella),like,2000/7/19 0:59
Leo,Clueless,like,2000/7/11 14:05
Leo,The Talented Mr. Ripley,like,2000/7/11 14:05
Leo,Being John Malkovich,like,2000/7/11 14:06
Leo,Predator,like,2000/7/11 14:05
Leo,Lethal Weapon,like,2000/7/11 13:57
Leo,Jaws,like,2000/7/11 14:05
Leo,There's Something About Mary,like,2000/7/11 14:32
Leo,Platoon,like,2000/7/11 14:07
Leo,Airplane!,like,2000/7/11 14:29
Leo,Jerry Maguire,like,2000/7/11 14:05
Leo,The Hunt for Red October,like,2000/7/11 14:29
Leo,Close Encounters of the Third Kind,like,2000/7/11 14:28
Leo,Star Wars: Episode IV - A New Hope,like,2000/7/11 14:30
Leo,The Usual Suspects,like,2000/7/11 14:00
Leo,The Patriot,like,2000/7/11 13:57
Leo,A Clockwork Orange,like,2000/7/11 14:07
Leo,Back to the Future,like,2000/7/11 14:12
Leo,Robocop,like,2000/7/11 14:36
Leo,Annie Hall,like,2000/7/11 14:31
Leo,Election,like,2000/7/11 14:00
Bruce,Platoon,like,2000/7/10 16:13
Bruce,Independence Day (ID4),like,2000/7/10 16:04
Bruce,Grosse Pointe Blank,like,2000/7/10 16:00
Bruce,Election,like,2000/7/10 16:20
Terence,Clueless,like,2000/7/6 15:02
Terence,The Talented Mr. Ripley,like,2000/7/6 15:08
Terence,Predator,like,2000/7/6 15:06
Terence,Lethal Weapon,like,2000/7/6 15:01
Terence,Jaws,like,2000/7/6 15:07
Terence,There's Something About Mary,like,2000/7/6 15:01
Terence,Airplane!,like,2000/7/6 15:02
Terence,The Godfather: Part II,like,2000/7/6 15:04
Alice,The Talented Mr. Ripley,like,2000/7/4 19:25
Alice,Lethal Weapon,like,2000/7/4 18:36
Alice,There's Something About Mary,like,2000/7/4 18:46
Alice,American Beauty,like,2000/7/4 18:59
Alice,Back to the Future,like,2000/7/4 19:06
Alice,Star Wars: Episode V - The Empire Strikes Back,like,2000/7/4 18:50
Alice,Robocop,like,2000/7/4 18:40
Alice,Raising Arizona,like,2000/7/4 19:14
Benjamin,Clueless,like,2000/7/4 17:43
Benjamin,Predator,like,2000/7/4 17:43
Benjamin,Jaws,like,2000/7/4 17:43
Benjamin,Pleasantville,like,2000/7/4 17:44
Benjamin,Rocky,like,2000/7/4 17:44
Benjamin,A Clockwork Orange,like,2000/7/4 17:43
Benjamin,Back to the Future,like,2000/7/4 17:44
Sharon,Clerks,like,2000/7/3 17:26
Ryan,The Talented Mr. Ripley,like,2000/7/3 0:35
Ryan,Lethal Weapon,like,2000/7/3 0:31
Ryan,Jaws,like,2000/7/3 0:33
Ryan,The Hunt for Red October,like,2000/7/3 0:34
Ryan,The Patriot,like,2000/7/3 0:31
Ryan,Psycho,like,2000/7/3 0:26
Mason,Clueless,like,2000/7/2 22:55
Mason,The Talented Mr. Ripley,like,2000/7/3 0:47
Mason,Being John Malkovich,like,2000/7/5 5:26
Mason,Predator,like,2000/7/3 0:37
Mason,Jaws,like,2000/7/3 0:00
Mason,Chinatown,like,2000/7/2 23:17
Mason,The Mask,like,2000/7/3 0:08
Mason,There's Something About Mary,like,2000/7/2 22:51
Mason,Total Recall,like,2000/7/3 0:39
Mason,Platoon,like,2000/7/2 23:01
Mason,The Hunt for Red October,like,2000/7/3 0:46
Mason,Close Encounters of the Third Kind,like,2000/7/3 0:37
Mason,Rocky,like,2000/7/3 0:01
Mason,The Fifth Element,like,2000/7/3 0:07
Mason,A Clockwork Orange,like,2000/7/3 0:36
Mason,Back to the Future,like,2000/7/2 21:08
Mason,Independence Day (ID4),like,2000/7/2 23:02
Mason,The Full Monty,like,2000/7/3 0:40
Mason,The Terminator,like,2000/7/2 23:01
Mason,Psycho,like,2000/7/3 0:37
Mason,Blade Runner,like,2000/7/2 21:04
Mason,Election,like,2000/7/3 0:00
Tom,The Talented Mr. Ripley,like,2000/7/17 1:33
Tom,Jaws,like,2000/7/2 6:43
Tom,There's Something About Mary,like,2000/7/2 6:56
Tom,Superman,like,2000/7/2 7:04
Tom,American Beauty,like,2000/7/2 7:03
Tom,Jerry Maguire,like,2000/7/17 1:40
Tom,The Hunt for Red October,like,2000/7/17 1:31
Tom,Close Encounters of the Third Kind,like,2000/7/17 1:26
Tom,Rocky,like,2000/7/2 6:44
Tom,The Usual Suspects,like,2000/7/2 7:08
Tom,The Patriot,like,2000/7/2 7:03
Tom,A Clockwork Orange,like,2000/7/2 6:44
Tom,The Terminator,like,2000/7/17 1:42
Tom,Psycho,like,2000/7/17 1:36
Tom,Annie Hall,like,2000/7/2 6:44
Tom,Grosse Pointe Blank,like,2000/7/2 6:50
Melissa,Rushmore,like,2000/12/11 0:54
Melissa,Being John Malkovich,like,2000/7/2 14:04
Melissa,Terminator 2: Judgment Day,like,2000/12/11 0:52
Melissa,Superman,like,2001/2/7 0:34
Melissa,The Hunt for Red October,like,2000/7/2 14:07
Melissa,Star Wars: Episode IV - A New Hope,like,2000/7/2 14:02
Melissa,Rocky,like,2000/7/2 13:53
Melissa,Raising Arizona,like,2000/7/2 2:12
David,Clueless,like,2000/7/1 3:11
David,Lethal Weapon,like,2000/7/1 3:00
David,Clerks,like,2000/7/1 3:01
David,American Beauty,like,2000/7/1 3:08
David,The Patriot,like,2000/7/1 3:00
David,Annie Hall,like,2000/7/1 3:17
David,The Rock,like,2000/7/1 3:06
David,Raising Arizona,like,2000/7/1 3:17
Alex,Rushmore,like,2001/4/19 1:17
Alex,Jaws,like,2000/7/5 3:22
Alex,American Beauty,like,2000/6/30 21:25
Alex,Star Wars: Episode V - The Empire Strikes Back,like,2000/6/30 21:23
Florence,Jaws,like,2000/6/30 16:39
Florence,The Hunt for Red October,like,2000/6/30 16:48
Florence,Star Wars: Episode IV - A New Hope,like,2000/6/30 16:49
Florence,The Usual Suspects,like,2000/6/30 16:48
Darwin,Clueless,like,2000/6/27 19:34
Darwin,The Talented Mr. Ripley,like,2000/6/27 19:33
Darwin,Lethal Weapon,like,2000/6/27 19:42
Darwin,Pleasantville,like,2000/6/27 19:37
Darwin,Rocky,like,2000/6/27 19:33
Darwin,Election,like,2000/6/27 19:33
Michael,Blade Runner,like,2000/6/21 5:02
Brown,Predator,like,2000/6/16 5:07
Brown,Lethal Weapon,like,2000/6/16 4:46
Brown,Robocop,like,2000/6/16 5:20
Jimmy,Clueless,like,2000/6/12 22:12
Jimmy,The Talented Mr. Ripley,like,2000/6/12 22:19
Jimmy,Rushmore,like,2000/6/12 21:59
Jimmy,Being John Malkovich,like,2000/6/12 22:19
Jimmy,Lethal Weapon,like,2000/6/12 21:58
Jimmy,Jaws,like,2000/6/12 22:11
Jimmy,The Mask,like,2000/6/12 22:22
Jimmy,Superman,like,2000/6/12 22:00
Jimmy,Total Recall,like,2000/6/12 22:12
Jimmy,American Beauty,like,2000/6/12 22:18
Jimmy,Platoon,like,2000/6/12 22:22
Jimmy,Jerry Maguire,like,2000/6/12 22:19
Jimmy,Close Encounters of the Third Kind,like,2000/6/12 22:11
Jimmy,Star Wars: Episode IV - A New Hope,like,2000/6/12 22:16
Jimmy,Rocky,like,2000/6/12 22:12
Jimmy,The Usual Suspects,like,2000/6/12 22:08
Jimmy,The Patriot,like,2000/6/12 21:58
Jimmy,Psycho,like,2000/6/12 22:11
Jimmy,Annie Hall,like,2000/6/12 22:15
Jimmy,The Rock,like,2000/6/12 22:05
Jimmy,Election,like,2000/6/12 22:08
Jay,Lethal Weapon,like,2000/6/9 3:53
Jay,Jaws,like,2000/6/9 3:32
Gladys,Jaws,like,2000/6/5 3:05
Gladys,There's Something About Mary,like,2000/6/5 2:57
Gladys,Airplane!,like,2000/6/5 2:57
Gladys,Jerry Maguire,like,2000/6/5 2:59
Gladys,The Usual Suspects,like,2000/6/5 2:47
Gladys,The Patriot,like,2000/6/5 2:55
Gladys,Robocop,like,2000/6/5 2:59
Denny,Clueless,like,2000/6/3 11:47
Denny,Lethal Weapon,like,2000/6/3 12:00
Denny,Chinatown,like,2000/6/3 12:48
Denny,Star Wars: Episode IV - A New Hope,like,2000/6/3 11:45
Denny,Back to the Future,like,2000/6/3 19:58
Denny,Independence Day (ID4),like,2000/6/3 12:48
Jack,Lethal Weapon,like,2000/6/1 23:49
Jack,The Patriot,like,2000/6/1 23:50
Edison,Clueless,like,2000/5/31 0:42
Edison,The Talented Mr. Ripley,like,2000/5/31 0:43
Edison,Being John Malkovich,like,2000/5/31 0:43
Edison,Predator,like,2000/5/31 0:37
Edison,Jaws,like,2000/5/31 0:43
Edison,Pleasantville,like,2000/5/31 0:48
Edison,The Mask,like,2000/5/31 0:44
Edison,Total Recall,like,2000/5/31 1:06
Edison,Platoon,like,2000/5/31 0:46
Edison,The Shawshank Redemption,like,2000/5/31 1:41
Edison,Close Encounters of the Third Kind,like,2000/5/31 1:06
Edison,Star Wars: Episode IV - A New Hope,like,2000/5/31 1:43
Edison,Rocky,like,2000/5/31 0:46
Edison,The Fifth Element,like,2000/5/31 0:49
Edison,A Clockwork Orange,like,2000/5/31 0:43
Edison,Back to the Future,like,2000/5/31 0:51
Edison,Independence Day (ID4),like,2000/5/31 1:08
Edison,The Full Monty,like,2000/5/31 0:46
Edison,Annie Hall,like,2000/5/31 1:44
Edison,Blade Runner,like,2000/5/31 1:09
Edison,Election,like,2000/5/31 0:42
Edison,Life Is Beautiful (La vita è bella),like,2000/5/31 1:00
Neil,Clueless,like,2000/5/27 23:31
Neil,Being John Malkovich,like,2000/5/27 23:48
Neil,Predator,like,2000/5/27 22:15
Neil,Lethal Weapon,like,2000/5/28 0:10
Neil,Jaws,like,2000/5/27 22:16
Neil,The Mask,like,2000/5/27 23:24
Neil,There's Something About Mary,like,2000/5/28 0:44
Neil,Total Recall,like,2000/5/27 23:20
Neil,Platoon,like,2000/5/27 23:22
Neil,Airplane!,like,2000/5/27 23:30
Neil,Close Encounters of the Third Kind,like,2000/5/27 22:13
Neil,Rocky,like,2000/5/27 23:21
Neil,The Fifth Element,like,2000/5/27 23:26
Neil,The Crying Game,like,2000/5/27 23:24
Neil,A Clockwork Orange,like,2000/5/27 23:47
Neil,Back to the Future,like,2000/5/27 23:25
Neil,Independence Day (ID4),like,2000/5/27 23:22
Neil,Star Wars: Episode V - The Empire Strikes Back,like,2000/5/28 0:16
Neil,The Full Monty,like,2000/5/27 23:26
Neil,Robocop,like,2000/5/28 0:46
Neil,The Godfather: Part II,like,2000/5/28 0:38
Neil,Raising Arizona,like,2000/5/28 0:15
Neil,Blade Runner,like,2000/5/27 23:42
Neil,Election,like,2000/5/27 23:47
Neil,Life Is Beautiful (La vita è bella),like,2000/5/28 0:06
Neil,2001: A Space Odyssey,like,2000/5/28 0:07
Jennifer,Clueless,like,2000/5/19 20:37
Jennifer,Lethal Weapon,like,2000/5/19 20:56
Jennifer,Jaws,like,2000/5/19 20:30
Jennifer,Pleasantville,like,2000/5/19 20:43
Jennifer,There's Something About Mary,like,2000/5/19 20:58
Jennifer,Platoon,like,2000/5/19 20:44
Jennifer,The Crying Game,like,2000/5/19 20:49
Jennifer,A Clockwork Orange,like,2000/5/25 15:34
Jennifer,Independence Day (ID4),like,2000/5/19 20:49
Jennifer,The Godfather: Part II,like,2000/5/19 21:05
Jennifer,Annie Hall,like,2000/5/25 15:36
Jennifer,Election,like,2000/5/25 15:34
Caspar,Clueless,like,2000/5/16 20:35
Caspar,Rushmore,like,2000/5/16 20:29
Caspar,Predator,like,2000/5/16 20:34
Caspar,Jaws,like,2000/5/19 13:31
Caspar,Terminator 2: Judgment Day,like,2000/5/19 17:18
Caspar,Chinatown,like,2000/5/16 20:37
Caspar,There's Something About Mary,like,2000/5/19 13:29
Caspar,Total Recall,like,2000/5/16 20:37
Caspar,Airplane!,like,2000/5/19 13:30
Caspar,The Hunt for Red October,like,2000/5/19 13:34
Caspar,Close Encounters of the Third Kind,like,2000/5/19 15:54
Caspar,Rocky,like,2000/5/16 20:34
Caspar,The Usual Suspects,like,2000/5/19 13:30
Caspar,The Patriot,like,2000/5/19 15:55
Caspar,The Crying Game,like,2000/5/19 14:49
Caspar,A Clockwork Orange,like,2000/5/19 13:38
Caspar,Independence Day (ID4),like,2000/5/16 20:38
Caspar,The Full Monty,like,2000/5/16 20:40
Caspar,Robocop,like,2000/5/19 13:33
Caspar,Psycho,like,2000/5/16 20:35
Caspar,Annie Hall,like,2000/5/19 13:38
Caspar,The Rock,like,2000/5/16 20:32
Caspar,Blade Runner,like,2000/5/16 20:37
Caspar,Election,like,2000/5/19 15:56
Caspar,Life Is Beautiful (La vita è bella),like,2000/5/19 17:12
Mickey,Clueless,like,2000/5/12 22:14
Mickey,The Talented Mr. Ripley,like,2000/5/12 20:20
Mickey,Being John Malkovich,like,2000/5/12 20:20
Mickey,Predator,like,2000/5/12 22:11
Mickey,Lethal Weapon,like,2000/5/12 22:26
Mickey,Jaws,like,2000/5/12 20:20
Mickey,Pleasantville,like,2000/5/12 20:23
Mickey,The Mask,like,2000/5/12 20:23
Mickey,There's Something About Mary,like,2000/5/12 22:25
Mickey,Platoon,like,2000/5/12 20:22
Mickey,Airplane!,like,2000/5/12 22:28
Mickey,Jerry Maguire,like,2000/5/12 20:20
Mickey,Close Encounters of the Third Kind,like,2000/5/12 22:11
Mickey,Rocky,like,2000/5/12 20:21
Mickey,The Patriot,like,2000/5/12 20:12
Mickey,The Crying Game,like,2000/5/12 22:21
Mickey,A Clockwork Orange,like,2000/5/12 20:09
Mickey,Back to the Future,like,2000/5/12 22:06
Mickey,Independence Day (ID4),like,2000/5/12 22:14
Mickey,Election,like,2000/5/12 20:20
Arthur,The Shawshank Redemption,like,2000/5/4 18:14
Arthur,Star Wars: Episode IV - A New Hope,like,2000/5/4 18:05
Arthur,The Rock,like,2000/5/4 18:14
Christine,Lethal Weapon,like,2000/4/28 18:39
Christine,There's Something About Mary,like,2000/4/28 18:38
Christine,The Usual Suspects,like,2000/4/28 18:29
Christine,Life Is Beautiful (La vita è bella),like,2000/4/28 18:50
Adeline,Clerks,like,2000/4/26 23:51
Cody,Predator,like,2000/4/26 22:45
Cody,Jaws,like,2000/4/26 22:45
Cody,Platoon,like,2000/4/26 22:47
Cody,Close Encounters of the Third Kind,like,2000/4/26 22:45
Cody,Independence Day (ID4),like,2000/4/26 22:46
Gloria,David,friends,
Brown,Mason,friends,
Terence,Kenny,friends,
Clark,Brown,friends,
Mickey,Janet,friends,
Mickey,Margaret,friends,
Hayden,Constance,friends,
Frank,Janet,friends,
Lena,Darwin,friends,
Leo,Jimmy,friends,
Mercedes,Gavin,friends,
Hillary,Bruce,friends,
Leo,Neil,friends,
Terence,August,friends,
Sue,Wayne,friends,
Max,Denny,friends,
Max,Josephine,friends,
Hillary,Michael,friends,
Constance,Janet,friends,
Florence,Donald,friends,
Alice,Jacob,friends,
Roger,Sidney,friends,
Margaret,Frances,friends,
Roger,Fred,friends,
Fred,Donald,friends,
Margaret,Gavin,friends,
Fred,Gavin,friends,
Rachel,Janet,friends,
Alexander,Clark,friends,
Darwin,Cassandra,friends,
Jordan,Vivian,friends,
Terry,Larry,friends,
Hardy,Kevin,friends,
Terry,Rachel,friends,
Mercedes,Marshal,friends,
Marshal,Sharon,friends,
Jeffery,Tom,friends,
Terence,Max,friends,
Katherine,Stuart,friends,
Luke,Cassandra,friends,
Michael,Arthur,friends,
Luke,Editha,friends,
Neil,Mason,friends,
Darwin,Jessie,friends,
Marshal,Alex,friends,
Hardy,Margaret,friends,
Alexander,Eric,friends,
Mercedes,Caspar,friends,
Brown,Clark,friends,
Roger,Kevin,friends,
Benjamin,Max,friends,
Jessie,Adeline,friends,
Michael,Luke,friends,
Jimmy,Gloria,friends,
Isaiah,Frances,friends,
June,Darwin,friends,
Editha,Vivian,friends,
Caspar,Cassandra,friends,
Bruce,Denny,friends,
Caspar,Jacob,friends,
Isaiah,Ella,friends,
Mason,Ryan,friends,
Mercedes,Eugene,friends,
Roger,Josephine,friends,
Wayne,Alice,friends,
Hayden,Denny,friends,
Alexander,Colin,friends,
Larry,August,friends,
Jimmy,Brown,friends,
Jacob,William,friends,
Hardy,Gladys,friends,
Jessie,Caspar,friends,
Mason,Terence,friends,
June,Jennifer,friends,
Hardy,Arthur,friends,
Alexander,Solomon,friends,
Larry,Wayne,friends,
Larry,Gavin,friends,
Ella,Ray,friends,
Ella,Eric,friends,
Alice,Janet,friends,
Larry,Willy,friends,
Isaiah,Solomon,friends,
Benjamin,Leander,friends,
Isaiah,Sue,friends,
Caspar,Jordan,friends,
Ella,Jordan,friends,
Vivian,Eric,friends,
Max,Jay,friends,
Ryan,Hank,friends,
Ella,Colin,friends,
Luke,Alexander,friends,
Luke,Joshua,friends,
Wayne,Caspar,friends,
Wayne,Denny,friends,
Editha,Marshal,friends,
Ryan,Jessie,friends,
Michael,Cassandra,friends,
Solomon,Hillary,friends,
Jordan,Josephine,friends,
Benjamin,Katherine,friends,
Isaiah,Max,friends,
Bruce,Christine,friends,
June,Terry,friends,
Ray,Jacob,friends,
Vivian,Leander,friends,
Luke,Alex,friends,
Donald,Ryan,friends,
Donald,Tom,friends,
Jack,Mike,friends,
Johnny,Joshua,friends,
Rachel,Benjamin,friends,
Cody,Katherine,friends,
Donald,Lance,friends,
Rachel,Tom,friends,
Gavin,Kenny,friends,
Lance,Evan,friends,
Jay,Eric,friends,
August,Jessie,friends,
Donald,Terence,friends,
Jay,Ella,friends,
Donald,Sharon,friends,
Donald,Brown,friends,
Luke,Caspar,friends,
Hank,Reed,friends,
Eric,Wesley,friends,
June,Jacob,friends,
Donald,Melissa,friends,
Jay,Reed,friends,
Donald,Alex,friends,
Sharon,Glendon,friends,
Jay,Jordan,friends,
Jay,Johnny,friends,
Teresa,Edison,friends,
Hank,Jay,friends,
Kevin,Rachel,friends,
Kevin,Larry,friends,
Adeline,Wayne,friends,
Jack,Darwin,friends,
Benjamin,Gavin,friends,
Donald,Cody,friends,
Ryan,Jeffery,friends,
Donald,Lena,friends,
Hank,Mercedes,friends,
Ryan,Brown,friends,
Donald,Colin,friends,
Eric,David,friends,
Gavin,Yvette,friends,
Donald,Sue,friends,
Evan,Mickey,friends,
Eric,Darwin,friends,
Sidney,Roger,friends,
Janet,Roger,friends,
Mike,William,friends,
June,Marshal,friends,
Stuart,William,friends,
Michael,Donald,friends,
Jay,Donald,friends,
Sharon,Sidney,friends,
Gladys,Lance,friends,
Gladys,Jennifer,friends,
Sidney,Reed,friends,
Arthur,Kenny,friends,
Joshua,Rachel,friends,
Ella,Mickey,friends,
Gina,Sharon,friends,
Marshal,Arthur,friends,
Gladys,Brown,friends,
Gavin,Terence,friends,
Gavin,Bruce,friends,
William,David,friends,
Darwin,Constance,friends,
Terry,Alex,friends,
Sidney,Johnny,friends,
Gavin,Ryan,friends,
Stuart,Jordan,friends,
Margaret,Bruce,friends,
Evan,Michael,friends,
Jimmy,Editha,friends,
Johnny,Jack,friends,
June,Solomon,friends,
Ella,Caspar,friends,
Stuart,Terence,friends,
August,Christine,friends,
Sue,Willy,friends,
Leander,Cassandra,friends,
Janet,Sue,friends,
Christine,Marshal,friends,
Terry,Edison,friends,
Christine,Evan,friends,
Terry,Neil,friends,
Daniel,Cary,friends,
Daniel,Sue,friends,
Katherine,Josephine,friends,
Darwin,Tom,friends,
Gavin,Brown,friends,
Katherine,Frank,friends,
Darwin,Mason,friends,
Marshal,Caleb,friends,
Fred,Stuart,friends,
Bonnie,Gladys,friends,
Sue,Serena,friends,
Brown,Wayne,friends,
Margaret,Hank,friends,
June,August,friends,
Kenny,Jennifer,friends,
Ella,Darwin,friends,
Florence,Michael,friends,
Evan,Leo,friends,
Kenny,Denny,friends,
Florence,Melissa,friends,
Sue,Luke,friends,
Sidney,Isaiah,friends,
Clark,Teresa,friends,
Kenny,Brown,friends,
Serena,Edison,friends,
Wesley,Katherine,friends,
Gavin,Caspar,friends,
Adeline,Cassandra,friends,
Leander,Willy,friends,
Christine,Cary,friends,
Ray,Florence,friends,
Daniel,Cassandra,friends,
Wayne,Alexander,friends,
Ella,Terry,friends,
August,Tom,friends,
Denny,Gloria,friends,
Gladys,Hank,friends,
Mason,Jeffery,friends,
Hank,August,friends,
Ryan,Luke,friends,
Wayne,Caleb,friends,
Katherine,Max,friends,
Sue,Johnny,friends,
Denny,Jay,friends,
Jimmy,Cary,friends,
Florence,Constance,friends,
Jessie,Ray,friends,
Cary,Colin,friends,
Hillary,Isaiah,friends,
Jessie,Willy,friends,
Colin,Hayden,friends,
Sue,Leo,friends,
Colin,Cassandra,friends,
Josephine,Rachel,friends,
Joshua,Hillary,friends,
Reed,Gina,friends,
Evan,Johnny,friends,
Teresa,Cassandra,friends,
Denny,Margaret,friends,
Christine,Cody,friends,
Allison,Wesley,friends,
August,Josephine,friends,
Allison,Bruce,friends,
Editha,Darwin,friends,
Gloria,Sue,friends,
Evan,Frances,friends,
Kevin,Joshua,friends,
Sue,Daniel,friends,
Colin,Bruce,friends,
Colin,Leo,friends,
Arthur,Hank,friends,
Albert,Sharon,friends,
Christine,Neil,friends,
Allison,Eugene,friends,
Frances,Isaiah,friends,
Allison,Hank,friends,
Willy,Adeline,friends,
Joshua,Darwin,friends,
Hayden,Donald,friends,
Jessie,Katherine,friends,
Evan,Frank,friends,
Evan,Joshua,friends,
Alex,Gloria,friends,
Clark,June,friends,
Daniel,Terry,friends,
Daniel,Gavin,friends,
Margaret,Jennifer,friends,
Glendon,Jay,friends,
Jack,Evan,friends,
Serena,Mike,friends,
Jeffery,Marshal,friends,
Edison,Cassandra,friends,
Margaret,Gloria,friends,
Daniel,Rachel,friends,
Sidney,Cody,friends,
Jack,Janet,friends,
Sidney,Mickey,friends,
Yvette,Johnny,friends,
Eugene,Gina,friends,
Albert,Mercedes,friends,
Jeffery,Janet,friends,
Janet,Wesley,friends,
Jacob,Melissa,friends,
Frances,Alice,friends,
Melissa,Evan,friends,
Gladys,Jordan,friends,
Jacob,Jimmy,friends,
Janet,Eugene,friends,
Glendon,Teresa,friends,
Christine,Daniel,friends,
Josephine,Jimmy,friends,
Gavin,Stuart,friends,
Josephine,Denny,friends,
Josephine,Jennifer,friends,
Clark,Reed,friends,
Kenny,Hardy,friends,
Yvette,Caleb,friends,
Jacob,Terence,friends,
Gavin,Vivian,friends,
Frances,Rachel,friends,
Johnny,Vivian,friends,
Daniel,Melissa,friends,
Glendon,Michael,friends,
Teresa,Margaret,friends,
Teresa,Caleb,friends,
Willy,Jordan,friends,
Isaiah,Albert,friends,
Kenny,Marshal,friends,
Benjamin,Eugene,friends,
David,Jack,friends,
Isaiah,Daniel,friends,
Sue,Caspar,friends,
Josephine,Tom,friends,
Josephine,Florence,friends,
Johnny,Kevin,friends,
Josephine,Michael,friends,
Gavin,Reed,friends,
Tom,Colin,friends,
Melissa,Hayden,friends,
Gavin,Evan,friends,
Rachel,Hillary,friends,
Teresa,Marshal,friends,
Fred,Mike,friends,
Terry,Mercedes,friends,
Fred,Eugene,friends,
Gladys,Isaiah,friends,
Hank,Gloria,friends,
Sue,Florence,friends,
Frances,Gloria,friends,
Jessie,Josephine,friends,
Yvette,Frances,friends,
Frances,Melissa,friends,
Yvette,Willy,friends,
Tom,Marshal,friends,
Janet,Yvette,friends,
Tom,Clark,friends,
Serena,Bonnie,friends,
David,Terry,friends,
Fred,Bruce,friends,
Caleb,Jeffery,friends,
David,Lena,friends,
Alex,Editha,friends,
Editha,Janet,friends,
Cassandra,Editha,friends,
Alex,Sidney,friends,
Hardy,Yvette,friends,
Reed,Evan,friends,
Caleb,Wesley,friends,
Sarah,Gladys,friends,
Isaiah,Caspar,friends,
Cary,Jay,friends,
Jordan,Mickey,friends,
Cody,Caspar,friends,
Alexander,Larry,friends,
Alexander,Hank,friends,
Eugene,Frances,friends,
Neil,William,friends,
Cary,David,friends,
Caspar,Darwin,friends,
Terry,Frank,friends,
Jennifer,Editha,friends,
Neil,Sue,friends,
Tom,Hank,friends,
Cary,Mason,friends,
Leo,Eric,friends,
Albert,Allison,friends,
David,Ray,friends,
Lance,Eugene,friends,
Jessie,Ryan,friends,
Hardy,Melissa,friends,
Melissa,Leo,friends,
Cassandra,Glendon,friends,
Jessie,Darwin,friends,
Leo,Sidney,friends,
Reed,Wayne,friends,
June,Adeline,friends,
Sarah,Benjamin,friends,
Solomon,Leander,friends,
Eric,Lance,friends,
Lena,Jordan,friends,
Terence,Christine,friends,
Solomon,Daniel,friends,
Lance,Wesley,friends,
Cassandra,Luke,friends,
Adeline,Alice,friends,
Cassandra,Solomon,friends,
Adeline,Sharon,friends,
Melissa,David,friends,
Bruce,Albert,friends,
Isaiah,Melissa,friends,
Sarah,Ryan,friends,
Jennifer,Terence,friends,
Sarah,Fred,friends,
Kevin,Frances,friends,
Jack,Josephine,friends,
Eric,Marshal,friends,
Alice,Cody,friends,
Jack,Wayne,friends,
Edison,Fred,friends,
Alexander,Arthur,friends,
Edison,Allison,friends,
Tom,Jack,friends,
Eric,Evan,friends,
Rachel,Johnny,friends,
Willy,Jay,friends,
Alex,Luke,friends,
Willy,Denny,friends,
Willy,Edison,friends,
Rachel,Jordan,friends,
Kevin,Serena,friends,
Frances,Jeffery,friends,
Eric,Solomon,friends,
Neil,Katherine,friends,
Edison,Johnny,friends,
Colin,Tom,friends,
Brown,Christine,friends,
Editha,Daniel,friends,
Frank,Yvette,friends,
Alice,Melissa,friends,
Albert,Edison,friends,
August,Kevin,friends,
Leo,Gavin,friends,
Leo,Isaiah,friends,
Leo,Joshua,friends,
Vivian,Denny,friends,
Terence,Eugene,friends,
Vivian,Caspar,friends,
Sarah,Gavin,friends,
Rachel,Jacob,friends,
Eugene,William,friends,
Alex,Lance,friends,
Vivian,Gladys,friends,
Leo,Colin,friends,
August,Lance,friends,
Caleb,Adeline,friends,
Alice,Edison,friends,
Yvette,Larry,friends,
Bruce,Cassandra,friends,
Neil,June,friends,
American Beauty,Comedy,hasGener
American Beauty,Drama,hasGener
Airplane!,Comedy,hasGener
Rushmore,Comedy,hasGener
Predator,Action,hasGener
Predator,Sci-Fi,hasGener
Predator,Thriller,hasGener
There's Something About Mary,Comedy,hasGener
The Shawshank Redemption,Drama,hasGener
Election,Comedy,hasGener
Clueless,Comedy,hasGener
Clueless,Romance,hasGener
The Crying Game,Drama,hasGener
The Crying Game,Romance,hasGener
The Crying Game,War,hasGener
Back to the Future,Comedy,hasGener
Back to the Future,Sci-Fi,hasGener
The Talented Mr. Ripley,Drama,hasGener
The Talented Mr. Ripley,Mystery,hasGener
The Talented Mr. Ripley,Thriller,hasGener
Life Is Beautiful (La vita è bella),Comedy,hasGener
Life Is Beautiful (La vita è bella),Drama,hasGener
2001: A Space Odyssey,Drama,hasGener
2001: A Space Odyssey,Mystery,hasGener
2001: A Space Odyssey,Sci-Fi,hasGener
2001: A Space Odyssey,Thriller,hasGener
Jaws,Action,hasGener
Jaws,Horror,hasGener
Jerry Maguire,Drama,hasGener
Jerry Maguire,Romance,hasGener
The Hunt for Red October,Action,hasGener
The Hunt for Red October,Thriller,hasGener
Close Encounters of the Third Kind,Drama,hasGener
Close Encounters of the Third Kind,Sci-Fi,hasGener
Star Wars: Episode IV - A New Hope,Action,hasGener
Star Wars: Episode IV - A New Hope,Adventure,hasGener
Star Wars: Episode IV - A New Hope,Fantasy,hasGener
Star Wars: Episode IV - A New Hope,Sci-Fi,hasGener
Rocky,Action,hasGener
Rocky,Drama,hasGener
The Usual Suspects,Crime,hasGener
The Usual Suspects,Thriller,hasGener
A Clockwork Orange,Sci-Fi,hasGener
Psycho,Horror,hasGener
Psycho,Thriller,hasGener
The Godfather: Part II,Action,hasGener
The Godfather: Part II,Crime,hasGener
The Godfather: Part II,Drama,hasGener
Annie Hall,Comedy,hasGener
Annie Hall,Romance,hasGener
Terminator 2: Judgment Day,Action,hasGener
Terminator 2: Judgment Day,Sci-Fi,hasGener
Terminator 2: Judgment Day,Thriller,hasGener
Pleasantville,Comedy,hasGener
Chinatown,Film-Noir,hasGener
Chinatown,Mystery,hasGener
Chinatown,Thriller,hasGener
Independence Day (ID4),Action,hasGener
Independence Day (ID4),Sci-Fi,hasGener
Independence Day (ID4),War,hasGener
Star Wars: Episode V - The Empire Strikes Back,Action,hasGener
Star Wars: Episode V - The Empire Strikes Back,Adventure,hasGener
Star Wars: Episode V - The Empire Strikes Back,Drama,hasGener
Star Wars: Episode V - The Empire Strikes Back,Sci-Fi,hasGener
Star Wars: Episode V - The Empire Strikes Back,War,hasGener
Face/Off,Action,hasGener
Face/Off,Sci-Fi,hasGener
Face/Off,Thriller,hasGener
Total Recall,Action,hasGener
Total Recall,Adventure,hasGener
Total Recall,Sci-Fi,hasGener
Total Recall,Thriller,hasGener
Blade Runner,Film-Noir,hasGener
Blade Runner,Sci-Fi,hasGener
The Terminator,Action,hasGener
The Terminator,Sci-Fi,hasGener
The Terminator,Thriller,hasGener
Robocop,Action,hasGener
Robocop,Crime,hasGener
Robocop,Sci-Fi,hasGener
The Rock,Action,hasGener
The Rock,Adventure,hasGener
The Rock,Thriller,hasGener
Superman,Action,hasGener
Superman,Adventure,hasGener
Superman,Sci-Fi,hasGener
The Full Monty,Comedy,hasGener
Raising Arizona,Comedy,hasGener
Lethal Weapon,Action,hasGener
Lethal Weapon,Comedy,hasGener
Lethal Weapon,Crime,hasGener
Lethal Weapon,Drama,hasGener
Platoon,Drama,hasGener
Platoon,War,hasGener
The Fifth Element,Action,hasGener
The Fifth Element,Sci-Fi,hasGener
The Patriot,Action,hasGener
The Patriot,Drama,hasGener
The Patriot,War,hasGener
Clerks,Comedy,hasGener
Being John Malkovich,Comedy,hasGener
The Mask,Comedy,hasGener
The Mask,Crime,hasGener
The Mask,Fantasy,hasGener
Grosse Pointe Blank,Comedy,hasGener
Grosse Pointe Blank,Crime,hasGener
Pleasantville,Joan Allen,hasActor
Face/Off,Joan Allen,hasActor
The Patriot,Mel Gibson,hasActor
Lethal Weapon,Mel Gibson,hasActor
Star Wars: Episode IV - A New Hope,Mark Hamill,hasActor
Star Wars: Episode V - The Empire Strikes Back,Mark Hamill,hasActor
Star Wars: Episode IV - A New Hope,Harrison Ford,hasActor
Star Wars: Episode V - The Empire Strikes Back,Harrison Ford,hasActor
Blade Runner,Harrison Ford,hasActor
The Usual Suspects,Kevin Spacey,hasActor
American Beauty,Kevin Spacey,hasActor
American Beauty,Chris Cooper,hasActor
The Patriot,Chris Cooper,hasActor
Star Wars: Episode IV - A New Hope,Carrie Fisher,hasActor
Star Wars: Episode V - The Empire Strikes Back,Carrie Fisher,hasActor
Independence Day (ID4),James Rebhorn,hasActor
The Talented Mr. Ripley,James Rebhorn,hasActor
Rocky,Burt Young,hasActor
Chinatown,Burt Young,hasActor
Rocky,Talia Shire,hasActor
The Godfather: Part II,Talia Shire,hasActor
The Terminator,Linda Hamilton,hasActor
Terminator 2: Judgment Day,Linda Hamilton,hasActor
Jaws,Richard Dreyfuss,hasActor
Close Encounters of the Third Kind,Richard Dreyfuss,hasActor
The Talented Mr. Ripley,Matt Damon,hasActor
Grosse Pointe Blank,John Cusack,hasActor
Being John Malkovich,John Cusack,hasActor
The Mask,Cameron Diaz,hasActor
There's Something About Mary,Cameron Diaz,hasActor
Being John Malkovich,Cameron Diaz,hasActor
Total Recall,Ronny Cox,hasActor
Robocop,Ronny Cox,hasActor
Total Recall,Arnold Schwarzenegger,hasActor
The Terminator,Arnold Schwarzenegger,hasActor
Terminator 2: Judgment Day,Arnold Schwarzenegger,hasActor
The Terminator,Michael Biehn,hasActor
The Rock,Michael Biehn,hasActor
Annie Hall,Diane Keaton,hasActor
The Godfather: Part II,Diane Keaton,hasActor
Face/Off,Nicolas Cage,hasActor
The Rock,Nicolas Cage,hasActor
Raising Arizona,Nicolas Cage,hasActor
Election,Alexander Payne,hasDirector
2001: A Space Odyssey,Stanley Kubrick,hasDirector
Psycho,Alfred Hitchcock,hasDirector
Clueless,Amy Heckerling,hasDirector
The Talented Mr. Ripley,Anthony Minghella,hasDirector
There's Something About Mary,Bobby Farrelly,hasDirector
The Usual Suspects,Bryan Singer,hasDirector
Jerry Maguire,Cameron Crowe,hasDirector
The Mask,Charles Russell,hasDirector
Airplane!,David Zucker,hasDirector
The Godfather: Part II,Francis Ford Coppola,hasDirector
The Shawshank Redemption,Frank Darabont,hasDirector
Pleasantville,Gary Ross,hasDirector
Grosse Pointe Blank,George Armitage,hasDirector
Star Wars: Episode IV - A New Hope,George Lucas,hasDirector
Star Wars: Episode V - The Empire Strikes Back,Irvin Kershner,hasDirector
Terminator 2: Judgment Day,James Cameron,hasDirector
The Terminator,James Cameron,hasDirector
Airplane!,Jerry Zucker,hasDirector
Airplane!,Jim Abrahams,hasDirector
Raising Arizona,Joel Coen,hasDirector
Rocky,John G. Avildsen,hasDirector
The Hunt for Red October,John McTiernan,hasDirector
Face/Off,John Woo,hasDirector
Clerks,Kevin Smith,hasDirector
The Fifth Element,Le Cinquième Élément,hasDirector
The Rock,Michael Bay,hasDirector
The Crying Game,Neil Jordan,hasDirector
Platoon,Oliver Stone,hasDirector
Robocop,Paul Verhoeven,hasDirector
Total Recall,Paul Verhoeven,hasDirector
The Full Monty,Peter Cattaneo,hasDirector
There's Something About Mary,Peter Farrelly,hasDirector
Lethal Weapon,Richard Donner,hasDirector
Superman,Richard Donner,hasDirector
Blade Runner,Ridley Scott,hasDirector
Back to the Future,Robert Zemeckis,hasDirector
Life Is Beautiful (La vita è bella),Roberto Benigni,hasDirector
Independence Day (ID4),Roland Emmerich,hasDirector
The Patriot,Roland Emmerich,hasDirector
Chinatown,Roman Polanski,hasDirector
American Beauty,Sam Mendes,hasDirector
Being John Malkovich,Spike Jonze,hasDirector
A Clockwork Orange,Stanley Kubrick,hasDirector
Close Encounters of the Third Kind,Steven Spielberg,hasDirector
Jaws,Steven Spielberg,hasDirector
Rushmore,Wes Anderson,hasDirector
Annie Hall,Woody Allen,hasDirector
