American Beauty,movie,美国丽人,1999
Airplane!,movie,空前绝后满天飞,1980
Rushmore,movie,青春年少,1998
Predator,movie,铁血战士,1987
There's Something About Mary,movie,我为玛丽狂,1998
The Shawshank Redemption,movie,肖申克的救赎,1994
Election,movie,校园风云,1999
Clueless,movie,独领风骚,1995
The Crying Game,movie,乱世浮生,1992
Back to the Future,movie,回到未来,1985
The Talented Mr. Ripley,movie,天才瑞普利,1999
Life Is Beautiful (La vita è bella),movie,美丽人生,1997
2001: A Space Odyssey,movie,2001太空漫游,1968
Jaws,movie,大白鲨,1975
Jerry Maguire,movie,甜心先生,1996
The Hunt for Red October,movie,猎杀红色十月,1990
Close Encounters of the Third Kind,movie,第三类接触,1977
Star Wars: Episode IV - A New Hope,movie,星际大战4:曙光乍现,1977
Rocky,movie,洛奇,1976
The Usual Suspects,movie,非常嫌疑犯,1995
A Clockwork Orange,movie,发条橙,1971
Psycho,movie,惊魂记,1960
The Godfather: Part II,movie,教父2,1974
Annie Hall,movie,安妮·霍尔,1977
Terminator 2: Judgment Day,movie,终结者2:审判日,1991
Pleasantville,movie,欢乐谷,1998
Chinatown,movie,唐人街,1974
Independence Day (ID4),movie,独立日,1996
Star Wars: Episode V - The Empire Strikes Back,movie,星球大战2:帝国反击战,1980
Face/Off,movie,变脸,1997
Total Recall,movie,全面回忆,1990
Blade Runner,movie,银翼杀手,1982
The Terminator,movie,终结者,1984
Robocop,movie,机械战警,1987
The Rock,movie,勇闯夺命岛,1996
Superman,movie,超人,1978
The Full Monty,movie,光猪六壮士,1997
Raising Arizona,movie,抚养亚历桑纳,1987
Lethal Weapon,movie,致命武器,1987
Platoon,movie,野战排,1986
The Fifth Element,movie,第五元素,1997
The Patriot,movie,爱国者,2000
Clerks,movie,疯狂店员,1994
Being John Malkovich,movie,成为约翰·马尔科维奇,1999
The Mask,movie,变相怪杰,1994
Grosse Pointe Blank,movie,这个杀手将有难,1997
Vivian,user,薇薇安,F,25-34,artist,98133
Mercedes,user,默西迪丝,F,Under 18,K-12 student,10562
Katherine,user,凯瑟琳,F,35-44,lawyer,79101
Stuart,user,斯图亚特,M,25-34,programmer,30316
Jacob,user,雅各布,M,25-34,artist,55408
Editha,user,伊迪萨,F,56+,homemaker,46911
Cassandra,user,卡桑德拉,F,56+,artist,55113
Sarah,user,莎拉,F,18-24,other or not specified,55105
Hayden,user,海顿,M,56+,academic/educator,30030
Jeffery,user,杰弗瑞,M,25-34,self-employed,45242
Bonnie,user,邦妮,F,50-55,technician/engineer,19716
Serena,user,塞丽娜,F,35-44,programmer,44106
Sidney,user,西德尼,M,18-24,writer,85296
Leander,user,利安德尔,M,50-55,doctor/health care,98237
Fred,user,弗瑞德,M,35-44,other or not specified,30906
Roger,user,罗杰,M,45-49,technician/engineer,73069
Ella,user,埃拉,F,25-34,other or not specified,94402
Ray,user,雷,M,18-24,college/grad student,90241
Eric,user,埃里克,M,18-24,college/grad student,40205
Frances,user,弗郎西丝,F,56+,retired,1234
Allison,user,艾莉森,F,18-24,sales/marketing,49505
Willy,user,威利,M,25-34,technician/engineer,38104
Lance,user,兰斯,M,18-24,college/grad student,6459
June,user,朱恩,F,25-34,other or not specified,13326
Marshal,user,马歇尔,M,50-55,scientist,7746
Max,user,马克斯,M,35-44,executive/managerial,91107
Hardy,user,哈帝,M,35-44,academic/educator,22181
Jordan,user,乔丹,M,25-34,artist,8817
Reed,user,列得,M,18-24,college/grad student,89146
Glendon,user,格林顿,M,35-44,self-employed,46214
Kevin,user,凯文,M,56+,retired,2356
Evan,user,埃文,M,45-49,programmer,53718
Clark,user,克拉克,M,56+,academic/educator,85718
Johnny,user,约翰尼,M,56+,retired,52003
Caleb,user,迦勒,M,50-55,retired,41076
Janet,user,珍妮特,F,35-44,homemaker,61270
Sue,user,苏,F,50-55,self-employed,13207
Margaret,user,玛格丽特,F,45-49,academic/educator,1609
Luke,user,卢克/路加,M,35-44,executive/managerial,44306
William,user,威廉,M,45-49,programmer,37914
Lena,user,莉娜,F,35-44,other or not specified,42420
Solomon,user,所罗门,M,45-49,scientist,64081-8102
Cary,user,凯里,M,35-44,executive/managerial,55124
Colin,user,科林,M,25-34,executive/managerial,44115
Kenny,user,肯尼,M,25-34,college/grad student,74074
Gavin,user,加文,M,25-34,programmer,24060
Donald,user,唐纳德,M,35-44,programmer,95864
Wayne,user,韦恩,M,18-24,scientist,94606
Frank,user,弗兰克,M,18-24,college/grad student,2906
Alexander,user,亚历山大,M,18-24,college/grad student,61801
Isaiah,user,艾塞亚,M,25-34,other or not specified,33142
Josephine,user,约瑟芬,F,25-34,college/grad student,78728
Joshua,user,约书亚,M,35-44,executive/managerial,54016
August,user,奥古斯特,M,35-44,customer service,64801
Jessie,user,杰西,F,18-24,clerical/admin,60640
Yvette,user,伊薇特,F,35-44,artist,94109
Albert,user,艾伯特,M,25-34,other or not specified,40515
Eugene,user,柳真,M,35-44,other or not specified,40504
Rachel,user,雷切尔,F,35-44,doctor/health care,33314
Constance,user,康斯坦斯,F,50-55,executive/managerial,10022
Larry,user,拉里,M,45-49,technician/engineer,2067
Mike,user,麦克,M,25-34,other or not specified,30606
Hank,user,汉克,M,50-55,programmer,44286
Daniel,user,丹尼尔,M,45-49,technician/engineer,37923
Wesley,user,卫斯理,M,25-34,executive/managerial,35244
Gina,user,吉娜,F,35-44,sales/marketing,60202
Teresa,user,特莉萨,F,45-49,academic/educator,43202
Terry,user,特里,M,35-44,writer,80222
Leo,user,雷欧,M,50-55,academic/educator,93105
Bruce,user,布鲁斯,M,50-55,academic/educator,19087-3622
Terence,user,特伦斯,M,25-34,writer,14450
Alice,user,爱丽丝,F,25-34,academic/educator,79928
Benjamin,user,本杰明,M,25-34,technician/engineer,48092
Sharon,user,莎伦,F,18-24,college/grad student,55406
Ryan,user,赖安,M,18-24,college/grad student,26241
Mason,user,梅森,M,25-34,technician/engineer,92584
Gloria,user,格罗瑞娅,F,56+,retired,60506
Tom,user,汤姆,M,25-34,writer,10010
Melissa,user,梅利莎,F,35-44,doctor/health care,23507
David,user,大卫,M,25-34,clerical/admin,19147
Alex,user,亚历克斯,M,18-24,college/grad student,10013
Florence,user,弗罗伦丝,F,35-44,academic/educator,23508
Darwin,user,达尔文,M,45-49,customer service,98502
Michael,user,迈克尔,M,18-24,other or not specified,31211
Brown,user,布朗,M,25-34,executive/managerial,90210
Jimmy,user,吉米,M,25-34,writer,94122
Jay,user,杰伊,M,18-24,programmer,43650
Gladys,user,格拉蒂丝,F,18-24,programmer,5055
Denny,user,丹尼,M,45-49,tradesman/craftsman,2557
Jack,user,杰克,M,50-55,other or not specified,94025
Edison,user,爱迪生,M,45-49,executive/managerial,85287-2702
Neil,user,尼尔,M,35-44,scientist,48187
Jennifer,user,詹妮弗,F,35-44,writer,75093
Caspar,user,卡斯帕,M,25-34,other or not specified,3766
Mickey,user,米奇,M,18-24,programmer,97205
Arthur,user,亚瑟,M,25-34,executive/managerial,2139
Christine,user,克里斯汀,F,25-34,academic/educator,32303
Adeline,user,艾德琳,F,Under 18,other or not specified,1036
Cody,user,科迪,M,18-24,college/grad student,78705
Hillary,user,希拉里,F,35-44,executive/managerial,21117
Action,genre
Adventure,genre
Comedy,genre
Crime,genre
Drama,genre
Fantasy,genre
Film-Noir,genre
Horror,genre
Mystery,genre
Romance,genre
Sci-Fi,genre
Thriller,genre
War,genre
Joan Allen,actor
Mel Gibson,actor
Mark Hamill,actor
Harrison Ford,actor
Kevin Spacey,actor
Chris Cooper,actor
Carrie Fisher,actor
James Rebhorn,actor
Burt Young,actor
Talia Shire,actor
Linda Hamilton,actor
Richard Dreyfuss,actor
John Cusack,actor
Cameron Diaz,actor
Ronny Cox,actor
Arnold Schwarzenegger,actor
Michael Biehn,actor
Diane Keaton,actor
Nicolas Cage,actor
Matt Damon,actor
Alexander Payne,director
Alfred Hitchcock,director
Amy Heckerling,director
Anthony Minghella,director
Bobby Farrelly,director
Bryan Singer,director
Cameron Crowe,director
Charles Russell,director
David Zucker,director
Francis Ford Coppola,director
Frank Darabont,director
Gary Ross,director
George Armitage,director
George Lucas,director
Irvin Kershner,director
James Cameron,director
Jerry Zucker,director
Jim Abrahams,director
Joel Coen,director
John G. Avildsen,director
John McTiernan,director
John Woo,director
Kevin Smith,director
Le Cinquième Élément,director
Michael Bay,director
Neil Jordan,director
Oliver Stone,director
Paul Verhoeven,director
Peter Cattaneo,director
Peter Farrelly,director
Richard Donner,director
Ridley Scott,director
Robert Zemeckis,director
Roberto Benigni,director
Roland Emmerich,director
Roman Polanski,director
Sam Mendes,director
Spike Jonze,director
Stanley Kubrick,director
Steven Spielberg,director
Wes Anderson,director
Woody Allen,director