Frank,The Sixth Sense,like,2017/12/22 23:24
Mike,Artificial Intelligence,like,2017/12/22 20:20
Mike,Lincoln,like,2017/12/23 13:08
Sarah,The Sixth Sense,like,2017/12/22 22:00
Sarah,Artificial Intelligence,like,2017/12/23 21:05
Alice,Artificial Intelligence,like,2017/12/22 10:24
Alice,Ready Player One,like,2017/12/23 17:25
Gina,Lincoln,like,2017/12/22 16:30
Gina,Ready Player One,like,2017/12/22 21:37
Frank,Mike,friends
Frank,Sarah,friends
Mike,Sarah,friends
Mike,Alice,friends
Alice,Gina,friends
The Sixth Sense,Haley Joel Osment,hasActor
The Sixth Sense,Drama,hasGenre
Artificial Intelligence,Drama,hasGenre
Artificial Intelligence,Sci-Fi,hasGenre
Artificial Intelligence,Haley Joel Osment,hasActor
Artificial Intelligence,Steven Spielberg,hasDirector
Lincoln,Steven Spielberg,hasDirector
Lincoln,Sci-Fi,hasGenre
Ready Player One,Steven Spielberg,hasDirector
Ready Player One,Sci-Fi,hasGenre
Ready Player One,Tye Sheridan,hasActor