<?xml version="1.0" encoding="ISO-8859-1"?>
<PMML version="3.0"
  xmlns="http://www.dmg.org/PMML-3-0"
  xmlns:xsi="http://www.w3.org/2001/XMLSchema_instance" >
  <labels>
    <label name="like">
	        <properties> 
            <property name="Datetime" cardinality="single" dataType="date"/>
        </properties>
    </label>
    <label name="friends">
    </label>
    <label name="hasActor">
    </label>
	<label name="hasDirector">
    </label>
	 <label name="hasGenre">
    </label>
    <label name="user">
	        <properties>
			<property name="ChineseName" cardinality="single" dataType="string" />
            <property name="Gender" cardinality="single" dataType="enum" typeNameCount="2" 
			typeName1="F" typeName2="M"/>
            <property name="Age" cardinality="single" dataType="enum" typeNameCount="7" 
			typeName1="Under 18" typeName2="18-24" typeName3="25-34" typeName4="35-44" typeName5="45-49"
			 typeName6="50-55" typeName7="56+"/> 
			<property name="Occupation" cardinality="single" dataType="string"/>
			<property name="Zip-code" cardinality="single" dataType="char array" maxDataSize="12"/>
        </properties>
    </label>
    <label name="movie">
	        <properties>
            <property name="ChineseTitle" cardinality="single" dataType="string"/>
			<property name="Year" cardinality="single" dataType="int"/> 
        </properties>
    </label>
    <label name="actor">
    </label>
    <label name="director">
    </label>
    <label name="genre">
    </label>
</labels>
</PMML>
