Frank,user,弗兰克,M,18-24,college/grad student,2906
Mike,user,麦克,M,25-34,other or not specified,30606
Sarah,user,莎拉,F,18-24,other or not specified,55105
Alice,user,爱丽丝,F,25-34,academic/educator,79928
Gina,user,吉娜,F,35-44,sales/marketing,60202
Ready Player One,movie,头号玩家,2011
Lincoln,movie,林肯,2012
Artificial Intelligence,movie,人工智能,2001
The Sixth Sense,movie,灵异第六感,1999
Haley Joel Osment,actor
Tye Sheridan,actor
Steven Spielberg,director
Drama,genre
Sci-Fi,genre